cup finely crushed saltine cracker crumbs,teaspoon ground ginger,small onion chopped,teaspoon ground black pepper,teaspoons salt,eggs,cup milk,pounds lean ground beef,cup ketchup,cup packed brown sugar,Beef Meatloaf
cup chopped walnuts,cups grated zucchini,teaspoons vanilla extract,cups white sugar,cup vegetable oil,eggs,tablespoon ground cinnamon,teaspoon baking powder,teaspoon baking soda,teaspoon salt,cups allpurpose flour,Breakfast Bread
teaspoon ground ginger,teaspoon ground cloves,teaspoon ground nutmeg,teaspoon ground cinnamon,teaspoons salt,teaspoons baking soda,cups allpurpose flour,cups white sugar,cup water,cup vegetable oil,eggs,ounce can pumpkin puree,Breakfast Bread
ounce packages refrigerated biscuit dough torn into pieces,onion finely diced,ounce cans condensed cream of chicken soup,tablespoons butter,skinless boneless chicken breast halves,Chicken and Dumplings
pounds pot roast,cups water,ounce package dry onion soup mix,ounce cans condensed cream of mushroom soup,Pot Roast
pounds tilapia fillets,teaspoon celery salt,teaspoon onion powder,teaspoon ground black pepper,teaspoon dried basil,tablespoons fresh lemon juice,tablespoons mayonnaise,cup butter softened,cup parmesan cheese,Tilapia
teaspoon salt,teaspoons baking powder,cups allpurpose flour,teaspoon vanilla extract,eggs,cups white sugar,cups butter softened,Sugar Cookies
cups chopped walnuts optional,cups semisweet chocolate chips,teaspoons vanilla extract,eggs,ounce packages instant vanilla pudding mix,cup white sugar,cups packed brown sugar,cups butter softened,teaspoons baking soda,cups allpurpose flour,Drop Cookies
cups semisweet chocolate chips,egg yolk,egg,tablespoon vanilla extract,cup white sugar,cup packed brown sugar,cup unsalted butter melted,teaspoon salt,teaspoon baking soda,cups allpurpose flour,Drop Cookies
cup confectioners sugar,teaspoon vanilla extract,tablespoon honey,tablespoons unsweetened cocoa powder,tablespoons butter softened,frosting,teaspoon baking powder,teaspoon salt,cup allpurpose flour,cup unsweetened cocoa powder,teaspoon vanilla extract,eggs,cup white sugar,cup butter,Chocolate Brownies
inch unbaked pie crusts,cup milk,cups chicken broth,teaspoon celery seed,teaspoon black pepper,teaspoon salt,cup allpurpose flour,cup chopped onion,cup butter,cup sliced celery,cup frozen green peas,cup sliced carrots,pound skinless boneless chicken breast halves  cubed,Chicken Breasts
teaspoons ground cinnamon,cup butter cubed,cup allpurpose flour,cup white sugar,cup fresh blueberries,cup milk,egg,cup vegetable oil,teaspoons baking powder,teaspoon salt,cup white sugar,cups allpurpose flour,Blueberry Muffins
granny smith apples  peeled cored and sliced,cup packed brown sugar,cup white sugar,cup water,tablespoons allpurpose flour,cup unsalted butter,recipe pastry for a  inch double crust pie,Apple Pie
tablespoon butter,teaspoon ground cinnamon,tablespoons allpurpose flour,cup packed brown sugar,cup butter melted,egg lightly beaten,cup white sugar,bananas mashed,teaspoon salt,teaspoon baking powder,teaspoon baking soda,cups allpurpose flour,Banana Muffins
cups mashed overripe bananas,eggs beaten,cup brown sugar,cup butter,teaspoon salt,teaspoon baking soda,cups allpurpose flour,Banana Bread
cups milk,tablespoons allpurpose flour,tablespoons butter,teaspoon ground white or black pepper or to taste,teaspoon salt or to taste,tablespoons chicken bouillon granules,cups water,cup diced cooked ham,cup finely chopped onion,cup diced celery,cups peeled and diced potatoes,Cream of Potato Soup
tablespoons butter melted,egg,cups milk,tablespoon white sugar,teaspoon salt,teaspoons baking powder,cups allpurpose flour,Pancakes
cup chopped walnuts,cups semisweet chocolate chips,cups allpurpose flour,teaspoon salt,teaspoons hot water,teaspoon baking soda,teaspoons vanilla extract,eggs,cup packed brown sugar,cup white sugar,cup butter softened,Drop Cookies
cooking spray,tablespoons butter melted,egg,teaspoon salt,teaspoon baking soda,teaspoon baking powder,tablespoons white sugar,cup allpurpose flour,tablespoons white vinegar,cup milk,Pancakes
cup grated parmesan cheese,pound mozzarella cheese sliced,teaspoon salt,egg,ounces ricotta cheese,lasagna noodles,tablespoons chopped fresh parsley,teaspoon ground black pepper,tablespoon salt,teaspoon italian seasoning,teaspoon fennel seeds,teaspoons dried basil leaves,tablespoons white sugar,cup water,ounce cans canned tomato sauce,ounce cans tomato paste,ounce can crushed tomatoes,cloves garlic crushed,cup minced onion,pound lean ground beef,pound sweet italian sausage,Italian
tarragon leaves for garnish optional,ounces goat cheese crumbled,tablespoon chopped fresh tarragon,tablespoon unsalted butter,teaspoon dijon mustard,tablespoon fresh lemon juice,cup unsalted chicken stock,pound peeled and deveined large shrimp,cloves garlic minced,cups sliced zucchini,ounce packages uncle bens® ready rice® whole grain brown rice,teaspoon salt divided,cups sliced green onions,tablespoons olive oil divided,UNCLE BEN'S®
tablespoons worcestershire sauce,cup brown sugar,cup italian salad dressing,ounce bottle barbeque sauce,frozen skinless boneless chicken breast halves,Chicken Breasts
tablespoons white sugar,cup molasses,tablespoon water,egg,cup white sugar,cup margarine softened,teaspoon salt,teaspoon ground cloves,teaspoon ground cinnamon,teaspoon baking soda,teaspoons ground ginger,cups allpurpose flour,Spice Cookies
teaspoons ground cinnamon,tablespoons white sugar,teaspoon salt,teaspoon baking soda,teaspoons cream of tartar,cups allpurpose flour,teaspoons vanilla extract,eggs,cups white sugar,cup shortening,cup butter softened,Sugar Cookies
cup heavy whipping cream,tablespoon cornstarch,teaspoon chicken bouillon granules,cup dry white wine,tablespoons butter,teaspoon paprika,tablespoons allpurpose flour,slices ham,slices swiss cheese,skinless boneless chicken breast halves,French
cup chopped pecans,teaspoon vanilla extract,cups confectioners sugar,ounces cream cheese softened,cup butter softened,cup chopped pecans,cups grated carrots,teaspoons ground cinnamon,teaspoon salt,teaspoons baking powder,teaspoons baking soda,cups allpurpose flour,teaspoons vanilla extract,cups white sugar,cups vegetable oil,eggs,Sheet Cake
teaspoon salt,cup allpurpose flour,cup cornmeal,teaspoon baking soda,cup buttermilk,eggs,cup white sugar,cup butter,Cornbread
teaspoon vanilla extract,egg,cups white sugar,cup butter softened,teaspoon baking powder,teaspoon baking soda,cups allpurpose flour,Sugar Cookies
pinch ground cayenne pepper optional,teaspoon minced garlic,roma plum tomatoes diced,tablespoons chopped fresh cilantro,cup diced onion,teaspoon salt,lime juiced,avocados  peeled pitted and mashed,Guacamole
teaspoon black pepper,teaspoon sea salt,teaspoons ground cumin,teaspoon paprika,teaspoon dried oregano,teaspoon crushed red pepper flakes,teaspoon onion powder,teaspoon garlic powder,tablespoon chili powder,Mexican
cup allpurpose flour,tablespoon vanilla extract,cup sour cream,eggs,cup milk,cups white sugar,ounce packages cream cheese,tablespoons butter melted,graham crackers crushed,Holiday Cakes
ground black pepper to taste,salt to taste,teaspoons brown sugar,cup ketchup,teaspoon prepared yellow mustard,teaspoon garlic powder,cup chopped green bell pepper,cup chopped onion,pound lean ground beef,Sloppy Joes
cup ketchup,tablespoons prepared mustard,tablespoons brown sugar,salt and pepper to taste,cup dried bread crumbs,cup milk,onion chopped,egg,pounds ground beef,Beef Meatloaf
crushed tortilla chips optional,sour cream optional,ounce package shredded cheddar cheese optional,whole skinless boneless chicken breasts,ounce package taco seasoning,ounce cans diced tomatoes with green chilies undrained,fluid ounce can or bottle beer,ounce can tomato sauce,ounce can whole kernel corn drained,ounce can black beans,ounce can chili beans,onion chopped,Tortilla Soup
cup butter melted,teaspoon baking soda,teaspoon baking powder,cup packed brown sugar,cup allpurpose flour,cup quickcooking oats,cup water,teaspoon ground cinnamon,tablespoon allpurpose flour,cup white sugar,cups allpurpose apples peeled cored and sliced,Apple Desserts
cups semisweet chocolate chips,cup warm water,eggs,cup vegetable oil,cup sour cream,ounce package instant chocolate pudding mix,ounce package devils food cake mix,Chocolate Cake
ounce package shredded cheddar cheese,ounce bag corn chips such as fritos®,teaspoon white sugar,teaspoon paprika,teaspoon cayenne pepper,teaspoon ground black pepper,teaspoon salt,teaspoon dried basil,teaspoons hot pepper sauce eg tabasco™,teaspoons ground cumin,tablespoon dried oregano,tablespoon minced garlic,tablespoon worcestershire sauce,cup chili powder,cup beer,cubes beef bouillon,tablespoon bacon bits,green chile peppers seeded and chopped,red bell pepper seeded and chopped,green bell pepper seeded and chopped,stalks celery chopped,large yellow onion chopped,ounce can tomato paste,ounce cans diced tomatoes with juice,ounce can chili beans in spicy sauce,ounce cans chili beans drained,pound bulk italian sausage,pounds ground beef chuck,Pork Chili
skinless chicken thighs,teaspoon ground black pepper,teaspoon ground ginger,clove garlic minced,cup cider vinegar,cup soy sauce,cup white sugar,tablespoon cold water,tablespoon cornstarch,Chicken Thighs
teaspoon salt,teaspoon vanilla extract,cups confectioners sugar,cup butter softened,ounce package cream cheese softened,cup butter softened,tablespoons ground cinnamon,cup brown sugar packed,teaspoons bread machine yeast,cup white sugar,teaspoon salt,cups bread flour,cup margarine melted,eggs room temperature,cup warm milk  degrees f degrees c,Yeast Bread
medium bananas sliced,cup chopped walnuts,cup sour cream,teaspoon salt,teaspoon baking soda,cups allpurpose flour,teaspoon vanilla extract,eggs,cup white sugar,cup butter melted,Banana Nut Bread
tablespoons grated parmesan cheese,ounces mozzarella cheese shredded,cups sour cream,ounces provolone cheese sliced,ounce jars spaghetti sauce,pound lean ground beef,onion chopped,pound dry ziti pasta,Ziti
tablespoons sour cream optional,cup shredded cheddar cheese,cup salsa,teaspoons taco seasoning mix,skinless boneless chicken breast halves,Mexican
cup semisweet chocolate chips,teaspoon salt,cup unsweetened cocoa powder,cups allpurpose flour,eggs,tablespoon vanilla extract,cups white sugar,cup butter melted,Chocolate Brownies
ounce box chickenflavored crackers,bunch celery cleaned and cut into  inch pieces,cups shredded cheddar cheese,cup pepper sauce such as franks red hot®,cup ranch dressing,ounce packages cream cheese softened,ounce cans chunk chicken drained,Buffalo Chicken Dip
teaspoon vanilla extract,cups sifted confectioners sugar,cup butter softened,ounce packages cream cheese softened,Cream Cheese
stalk celery chopped,carrots sliced,potatoes diced,cups beef broth,onion chopped,teaspoon worcestershire sauce,teaspoon paprika,bay leaf,clove garlic minced,teaspoon ground black pepper,teaspoon salt,cup allpurpose flour,pounds beef stew meat cut into inch pieces,Beef
hamburger buns split and lightly toasted,ounce bottle your favorite barbecue sauce,fluid ounce can or bottle root beer,pound pork tenderloin,Pulled Pork
cup semisweet chocolate chips,cup chopped walnuts,cups quickcooking oats,teaspoon salt,teaspoon baking soda,cups allpurpose flour,teaspoons vanilla extract,eggs,cup white sugar,cup packed light brown sugar,cup butter softened,Oatmeal Cookies
cup raisins,cups rolled oats,teaspoon salt,teaspoon ground cloves,teaspoon ground cinnamon,teaspoon baking soda,cups allpurpose flour,teaspoon vanilla extract,eggs,cup white sugar,cup packed light brown sugar,cup butter flavored shortening,cup butter softened,Oatmeal Raisin Cookies
cup vegetable oil,cup water,cup brown sugar,cup soy sauce,salt to taste,garlic powder to taste,lemon pepper to taste,pounds salmon fillets,Salmon Fillets
pound salmon,teaspoon ground black pepper,teaspoon garlic salt,clove garlic minced,tablespoons soy sauce,cup maple syrup,Baked Salmon
cups shredded cheddar cheese,cups milk,teaspoon salt,tablespoons allpurpose flour,tablespoons butter,salt and pepper to taste,onion sliced into rings,russet potatoes sliced into  inch slices,Potatoes Au Gratin
teaspoon ground black pepper,ounces grated parmesan cheese,cups milk,teaspoons garlic powder,ounce package cream cheese,cup butter,Alfredo Sauce
teaspoon vanilla extract,tablespoon butter,cup golden raisins,egg beaten,teaspoon salt,cup white sugar,cups milk divided,cup uncooked white rice,Rice Pudding
cup cooking sherry,cup marsala wine,cup sliced mushrooms,tablespoons olive oil,tablespoons butter,skinless boneless chicken breast halves  pounded  inch thick,teaspoon dried oregano,teaspoon ground black pepper,teaspoon salt,cup allpurpose flour for coating,Italian
vegetable oil,corn tortillas,tablespoon chopped cilantro,ounce package frozen corn,bay leaf,teaspoon black pepper,teaspoon salt,teaspoon chili powder,teaspoon cumin,ounce can chicken broth,cups water,cloves garlic minced,ounce can chopped green chile peppers,medium onion chopped,ounce can enchilada sauce,ounce can whole peeled tomatoes mashed,pound shredded cooked chicken,Tortilla Soup
cup chopped walnuts optional,cups allpurpose flour,teaspoons baking soda,teaspoon salt,teaspoons ground cinnamon,teaspoons vanilla extract,ounce container sour cream,very ripe bananas mashed,eggs,cups white sugar,cup butter,teaspoon ground cinnamon,cup white sugar,Breakfast Bread
